{
  "score_source": "kfold_scores.csv",
  "error_method": "minuit-hesse",
  "staterror_mode": "shared",
  "category": "all",
  "bdt_cut": 0.0,
  "nbins": 20,
  "scan_mode": "counting_1bin",
  "norm_uncertainty": 0.01,
  "n_signal": 38408.56349237901,
  "n_background": 70879.57493202727,
  "mu_hat": 1.0,
  "mu_err": 0.00595241091656612,
  "relative_uncertainty_pct": 0.595241091656612,
  "physics_only_mu_hat": 1.0000000000084723,
  "physics_only_mu_err": 0.005640862456575635,
  "physics_only_rel_uncertainty_pct": 0.5640862456527843,
  "physics_only_note": "Shape-fit precision with the same normalization systematics but without MC template statistical nuisance parameters.",
  "fit_parameters": {
    "mu": {
      "value": 1.0,
      "error": 0.00595241091656612
    },
    "norm_WW": {
      "value": 0.0,
      "error": 0.8934075407372727
    },
    "norm_ZH_other": {
      "value": 0.0,
      "error": 0.9733387565972618
    },
    "norm_ZZ": {
      "value": 0.0,
      "error": 0.8866765341260017
    },
    "norm_qq": {
      "value": 0.0,
      "error": 0.8989744575845463
    },
    "staterror_bdt_score[0]": {
      "value": 1.0000000000000002,
      "error": 0.003133932536326267
    },
    "staterror_bdt_score[1]": {
      "value": 1.0000000000000002,
      "error": 0.00817170569639114
    },
    "staterror_bdt_score[2]": {
      "value": 1.0000000000000002,
      "error": 0.011048068375184017
    },
    "staterror_bdt_score[3]": {
      "value": 1.0000000000000002,
      "error": 0.0131491810657976
    },
    "staterror_bdt_score[4]": {
      "value": 1.0000000000000002,
      "error": 0.01471023180690334
    },
    "staterror_bdt_score[5]": {
      "value": 1.0000000000000002,
      "error": 0.015461357276315646
    },
    "staterror_bdt_score[6]": {
      "value": 1.0000000000000002,
      "error": 0.01596251957635897
    },
    "staterror_bdt_score[7]": {
      "value": 1.0000000000000002,
      "error": 0.016540153167846072
    },
    "staterror_bdt_score[8]": {
      "value": 1.0000000000000002,
      "error": 0.01644097802157296
    },
    "staterror_bdt_score[9]": {
      "value": 1.0000000000000002,
      "error": 0.015993128069239138
    },
    "staterror_bdt_score[10]": {
      "value": 1.0000000000000002,
      "error": 0.015881045328383026
    },
    "staterror_bdt_score[11]": {
      "value": 1.0000000000000002,
      "error": 0.01496502651959164
    },
    "staterror_bdt_score[12]": {
      "value": 1.0000000000000002,
      "error": 0.01403304005379169
    },
    "staterror_bdt_score[13]": {
      "value": 1.0000000000000002,
      "error": 0.013005965789534613
    },
    "staterror_bdt_score[14]": {
      "value": 1.0000000000000002,
      "error": 0.011544440251905153
    },
    "staterror_bdt_score[15]": {
      "value": 1.0000000000000002,
      "error": 0.00995112733330017
    },
    "staterror_bdt_score[16]": {
      "value": 1.0000000000000002,
      "error": 0.008371386817916271
    },
    "staterror_bdt_score[17]": {
      "value": 1.0000000000000002,
      "error": 0.0063348851552559315
    },
    "staterror_bdt_score[18]": {
      "value": 1.0000000000000002,
      "error": 0.004171042957449966
    },
    "staterror_bdt_score[19]": {
      "value": 1.0000000000000002,
      "error": 0.002011793308982157
    }
  },
  "bkg_yields": {
    "WW": 22133.050887305737,
    "ZZ": 21702.84866212009,
    "qq": 18404.96264072404,
    "ZH_other": 8638.712741877398
  },
  "mu_profile_scan": {
    "sigma_up": 0.005975193976215598,
    "sigma_down": 0.0059542755150102655
  },
  "counting_scan_results": [
    {
      "bdt_cut": 0.0,
      "fit_nbins": 1,
      "n_sig": 38408.56349237901,
      "n_bkg": 70879.57493202727,
      "s_over_b": 0.5418847888014622,
      "s_over_sqrt_b": 144.26716991829898,
      "mu_hat": 1.0,
      "mu_err": 0.014079744532089933,
      "rel_uncertainty": 0.014079744532089933
    },
    {
      "bdt_cut": 0.05,
      "fit_nbins": 1,
      "n_sig": 38161.52303237927,
      "n_bkg": 22997.12755872258,
      "s_over_b": 1.6594038944618104,
      "s_over_sqrt_b": 251.64534555307043,
      "mu_hat": 1.0,
      "mu_err": 0.007967863330512637,
      "rel_uncertainty": 0.007967863330512637
    },
    {
      "bdt_cut": 0.1,
      "fit_nbins": 1,
      "n_sig": 37974.47141292496,
      "n_bkg": 17612.728896700813,
      "s_over_b": 2.1560810727086293,
      "s_over_sqrt_b": 286.13989421176916,
      "mu_hat": 1.0,
      "mu_err": 0.00721175037125904,
      "rel_uncertainty": 0.00721175037125904
    },
    {
      "bdt_cut": 0.15,
      "fit_nbins": 1,
      "n_sig": 37803.6002086524,
      "n_bkg": 14877.847536848105,
      "s_over_b": 2.540932088127928,
      "s_over_sqrt_b": 309.92963849384347,
      "mu_hat": 1.0,
      "mu_err": 0.007056832734508411,
      "rel_uncertainty": 0.007056832734508411
    },
    {
      "bdt_cut": 0.2,
      "fit_nbins": 1,
      "n_sig": 37626.00895883418,
      "n_bkg": 13050.314129601418,
      "s_over_b": 2.883149676335289,
      "s_over_sqrt_b": 329.36517051967024,
      "mu_hat": 1.0,
      "mu_err": 0.0068126945952181606,
      "rel_uncertainty": 0.0068126945952181606
    },
    {
      "bdt_cut": 0.25,
      "fit_nbins": 1,
      "n_sig": 37440.277588652345,
      "n_bkg": 11663.922963335106,
      "s_over_b": 3.209921542378476,
      "s_over_sqrt_b": 346.6703817525305,
      "mu_hat": 1.0,
      "mu_err": 0.0065711023248420375,
      "rel_uncertainty": 0.0065711023248420375
    },
    {
      "bdt_cut": 0.3,
      "fit_nbins": 1,
      "n_sig": 37241.436538652306,
      "n_bkg": 10535.98290434578,
      "s_over_b": 3.534690296744058,
      "s_over_sqrt_b": 362.81805959734686,
      "mu_hat": 1.0000000001002598,
      "mu_err": 0.006594180152894646,
      "rel_uncertainty": 0.0065941801522335156
    },
    {
      "bdt_cut": 0.35,
      "fit_nbins": 1,
      "n_sig": 37016.3188759249,
      "n_bkg": 9576.32562431816,
      "s_over_b": 3.865398935675862,
      "s_over_sqrt_b": 378.26292388448337,
      "mu_hat": 1.0,
      "mu_err": 0.006493406171346416,
      "rel_uncertainty": 0.006493406171346416
    },
    {
      "bdt_cut": 0.4,
      "fit_nbins": 1,
      "n_sig": 36759.70602328845,
      "n_bkg": 8677.934197032526,
      "s_over_b": 4.235997322480119,
      "s_over_sqrt_b": 394.6061533856336,
      "mu_hat": 1.0,
      "mu_err": 0.006419611208375975,
      "rel_uncertainty": 0.006419611208375975
    },
    {
      "bdt_cut": 0.45,
      "fit_nbins": 1,
      "n_sig": 36479.01091337907,
      "n_bkg": 7834.189329700452,
      "s_over_b": 4.656386178348064,
      "s_over_sqrt_b": 412.14119208939366,
      "mu_hat": 1.0,
      "mu_err": 0.006343369228213269,
      "rel_uncertainty": 0.006343369228213269
    },
    {
      "bdt_cut": 0.5,
      "fit_nbins": 1,
      "n_sig": 36155.733138832955,
      "n_bkg": 7073.401146108801,
      "s_over_b": 5.111506104630139,
      "s_over_sqrt_b": 429.89562763131573,
      "mu_hat": 1.0,
      "mu_err": 0.006288543090804566,
      "rel_uncertainty": 0.006288543090804566
    },
    {
      "bdt_cut": 0.55,
      "fit_nbins": 1,
      "n_sig": 35778.18818455944,
      "n_bkg": 6352.506791222944,
      "s_over_b": 5.63213694379564,
      "s_over_sqrt_b": 448.89604081160024,
      "mu_hat": 1.0000000000957883,
      "mu_err": 0.006239300861968389,
      "rel_uncertainty": 0.006239300861370737
    },
    {
      "bdt_cut": 0.6,
      "fit_nbins": 1,
      "n_sig": 35311.48192801306,
      "n_bkg": 5660.579988619753,
      "s_over_b": 6.238138494466048,
      "s_over_sqrt_b": 469.3377405576718,
      "mu_hat": 1.0,
      "mu_err": 0.0062040459811699145,
      "rel_uncertainty": 0.0062040459811699145
    },
    {
      "bdt_cut": 0.65,
      "fit_nbins": 1,
      "n_sig": 34747.2904271029,
      "n_bkg": 4991.385284089583,
      "s_over_b": 6.961452272150279,
      "s_over_sqrt_b": 491.8247695011112,
      "mu_hat": 1.0,
      "mu_err": 0.0061771503070713885,
      "rel_uncertainty": 0.0061771503070713885
    },
    {
      "bdt_cut": 0.7,